Adams,Roy,radams1v@epam.com,1985/07/18,10
Adams,Martin,madams2b@epam.edu,1985/07/22,2
Alvarez,Roger,ralvarezk@epam.com,1985/07/30,1
Alvarez,Anne,aalvarez1y@epam.com,1985/06/18,0
Alvarez,Ann,aalvarez20@epam.net,1985/07/18,0
Anderson,Betty,banderson14@epam.com,1985/10/18,0
Anderson,Laura,landerson24@epam.us,1985/01/18,0
Armstrong,Christopher,carmstrong2p@epam.com,1985/07/18,0
Bell,David,dbell2l@epam.com,1985/07/18,0
Berry,Paula,pberry1z@epam.ch,1985/07/18,0